ticket_id,gold_label,ambiguous,label_note
TK-243610,cancel_or_change,False,
TK-244990,app_firmware_login,False,
TK-243858,payment_issue,False,
TK-244412,payment_issue,False,
TK-241049,warranty_status,True,only an RMA claim number + complaint; read as warranty status chase
TK-253006,pairing_connection,False,
TK-244472,sound_or_hardware,False,
TK-250143,pairing_connection,False,
TK-247181,app_firmware_login,False,
TK-247152,pairing_connection,False,
TK-243854,return_pickup,True,"'app said pickup today, that was on 27 Jul' read as a missed return pickup"
TK-242740,order_not_arrived,False,
TK-254294,damaged_or_wrong_item,False,
TK-248108,cancel_or_change,False,
TK-247508,damaged_or_wrong_item,False,
TK-243135,battery_charging,False,
TK-250205,app_firmware_login,False,
TK-244437,cancel_or_change,False,
TK-242839,return_pickup,False,
TK-242661,app_firmware_login,False,
TK-251751,order_not_arrived,False,
TK-251676,battery_charging,False,
TK-243150,app_firmware_login,False,
TK-243340,product_question,False,
TK-248730,pairing_connection,False,
TK-247366,product_question,False,
TK-253207,pairing_connection,False,
TK-253057,refund_not_received,False,
TK-245325,order_not_arrived,False,
TK-254141,payment_issue,False,
TK-248933,product_question,False,
TK-245533,pairing_connection,True,'keeps losing my phone if I walk to the other room' read as range/connection
TK-247146,app_firmware_login,False,
TK-241062,return_pickup,False,
TK-248079,damaged_or_wrong_item,False,
TK-242255,pairing_connection,False,
TK-250743,pairing_connection,False,
TK-247809,damaged_or_wrong_item,False,
TK-251263,sound_or_hardware,False,
TK-250302,order_not_arrived,False,
TK-247777,order_not_arrived,True,payment + delivery words; 'nothing at my door' read as order not arrived
TK-246257,app_firmware_login,False,
TK-244560,battery_charging,False,
TK-247310,pairing_connection,False,
TK-251641,pairing_connection,False,
TK-241973,sound_or_hardware,False,
TK-243011,order_not_arrived,False,
TK-248120,refund_not_received,False,
TK-241122,payment_issue,False,
TK-253178,app_firmware_login,False,
TK-248092,order_not_arrived,False,
TK-253538,pairing_connection,False,
TK-242863,sound_or_hardware,False,
TK-253170,refund_not_received,False,
TK-248618,battery_charging,False,
TK-249183,refund_not_received,False,
TK-251470,refund_not_received,False,
TK-240712,order_not_arrived,False,
TK-240774,payment_issue,False,
TK-247784,invoice_or_price,False,
TK-253630,damaged_or_wrong_item,False,
TK-241293,sound_or_hardware,False,
TK-241031,order_not_arrived,False,
TK-254210,order_not_arrived,False,
TK-252434,pairing_connection,True,sound vs pairing: 'sound stutters when phone in pocket' read as a connection/range problem
TK-245128,sound_or_hardware,False,
TK-250977,sound_or_hardware,False,
TK-241073,sound_or_hardware,False,
TK-248624,pairing_connection,False,
TK-247802,refund_not_received,False,
TK-252442,refund_not_received,False,
TK-253340,battery_charging,False,
TK-243384,product_question,False,
TK-246945,order_not_arrived,False,
TK-251380,sound_or_hardware,False,
TK-248549,order_not_arrived,False,
TK-241103,pairing_connection,False,
TK-244143,app_firmware_login,False,
TK-243800,order_not_arrived,False,
TK-246072,order_not_arrived,False,
TK-248967,app_firmware_login,False,
TK-247600,order_not_arrived,False,
TK-249802,order_not_arrived,False,
TK-242523,battery_charging,False,
TK-243728,damaged_or_wrong_item,False,
TK-240896,order_not_arrived,True,"'money went out ... nothing in hand' read as order not arrived, not payment"
TK-245800,return_pickup,False,
TK-254131,pairing_connection,False,
TK-251126,battery_charging,False,
TK-244359,app_firmware_login,False,
TK-241865,cancel_or_change,False,
TK-244973,invoice_or_price,False,
TK-247868,payment_issue,False,
TK-253877,battery_charging,False,
TK-246254,app_firmware_login,False,
TK-246115,return_pickup,False,
TK-244731,cancel_or_change,False,
TK-254046,invoice_or_price,False,
TK-248626,order_not_arrived,False,
TK-250688,app_firmware_login,False,
TK-251755,pairing_connection,False,
TK-250250,invoice_or_price,False,
TK-244858,order_not_arrived,False,
TK-240390,pairing_connection,False,
TK-248474,pairing_connection,False,
TK-247895,order_not_arrived,False,
TK-241079,battery_charging,False,
TK-251168,return_pickup,False,
TK-252971,refund_not_received,False,
TK-241614,payment_issue,False,
TK-244702,app_firmware_login,False,
TK-249350,invoice_or_price,False,
TK-244694,return_pickup,False,
TK-251601,pairing_connection,False,
TK-245867,app_firmware_login,False,
TK-243934,invoice_or_price,False,
TK-253744,return_pickup,False,
TK-245201,damaged_or_wrong_item,False,
TK-245781,cancel_or_change,False,
TK-250466,sound_or_hardware,True,'useless for meetings' read as a mic fault (sound_or_hardware); could be connection
TK-245511,order_not_arrived,False,
TK-248136,pairing_connection,False,
TK-243926,damaged_or_wrong_item,False,
TK-251640,battery_charging,False,
TK-253735,warranty_status,False,
TK-244765,payment_issue,False,
TK-241427,order_not_arrived,False,
TK-244582,order_not_arrived,False,
TK-247513,order_not_arrived,False,
TK-250657,return_pickup,False,
TK-247942,return_pickup,False,
TK-245062,product_question,False,
TK-245518,invoice_or_price,False,
TK-242224,order_not_arrived,False,
TK-248679,refund_not_received,False,
TK-253475,app_firmware_login,False,
TK-243544,cancel_or_change,False,
TK-240555,order_not_arrived,False,
TK-243192,sound_or_hardware,False,
TK-248178,invoice_or_price,False,
TK-246859,order_not_arrived,False,
TK-254248,cancel_or_change,False,
TK-246126,invoice_or_price,False,
TK-252363,app_firmware_login,False,
TK-244095,cancel_or_change,False,
TK-247721,invoice_or_price,False,
TK-242953,payment_issue,False,
TK-248557,pairing_connection,False,
TK-248150,pairing_connection,False,
TK-249833,invoice_or_price,False,
TK-246143,order_not_arrived,False,
TK-241447,cancel_or_change,False,
TK-243469,sound_or_hardware,False,
TK-242884,payment_issue,False,
TK-250462,battery_charging,False,
TK-242724,return_pickup,False,
TK-245884,order_not_arrived,False,
TK-241436,damaged_or_wrong_item,False,
TK-247581,pairing_connection,False,
TK-247890,payment_issue,False,
TK-245851,return_pickup,False,
TK-245909,pairing_connection,False,
TK-254428,refund_not_received,False,
TK-242780,damaged_or_wrong_item,False,
TK-252631,cancel_or_change,False,
TK-241930,battery_charging,False,
TK-250239,battery_charging,False,
TK-254621,cancel_or_change,False,
TK-252798,cancel_or_change,False,
TK-245677,pairing_connection,False,
TK-251174,app_firmware_login,False,
TK-243264,refund_not_received,False,
TK-248081,invoice_or_price,False,
TK-248258,refund_not_received,False,
TK-253722,pairing_connection,False,
TK-251730,battery_charging,False,
TK-249574,app_firmware_login,False,
TK-240827,pairing_connection,False,
TK-245630,order_not_arrived,False,
TK-243251,order_not_arrived,False,
TK-244237,payment_issue,False,
TK-240888,order_not_arrived,False,
TK-254080,pairing_connection,False,
TK-254169,warranty_status,False,
TK-246600,product_question,False,
TK-251393,pairing_connection,False,
TK-241764,order_not_arrived,False,
TK-246399,app_firmware_login,True,'update failed and now it won't turn on': firmware (primary) vs hardware fault
TK-243270,pairing_connection,False,
TK-248544,order_not_arrived,False,
