ticket_id,channel,source_system,category,customer_message
TK-246386,chat,helpdesk,Account & Login,"the login code never arrives, tried 6 times. VR889921"
TK-251684,chat,helpdesk,Account & Login,"sir ji
otp not coming on my number
your charger
??"
TK-251052,chat,helpdesk,App & Firmware,"hi
firmware update stuck for 2 hours
pulse2"
TK-249783,chat,helpdesk,App & Firmware,"Very poor quality. I bought the Pluse 2 earbuds on 02 Oct. the Vireo app keeps crashing. I already reinstalled the app. I want a replacement or refund, nothing else."
TK-249373,chat,helpdesk,App & Firmware,"can't get past the loading screen in the app
VR909207"
TK-251432,chat,helpdesk,App & Firmware,really frustrating. order vr904738 (the pulse buds). can't get past the loading screen in the app. i already reinstalled the app. escalate this to someone senior.
TK-248913,chat,helpdesk,Audio Quality,"to the vireo customer care team,

i am writing with reference to my order of my pulse 2 (vr902324) placed on 31/10. a hiss that wasn't tehre when i bought it. i have tried different apps. i request you to look into this matter at the earliest.

yours faithfully,
ayaan goyal"
TK-247035,chat,helpdesk,Audio Quality,microphone is vey low on the airlite. vr895039
TK-253607,chat,helpdesk,Audio Quality,crackling sound in the rght side. kindly look into it
TK-254509,chat,helpdesk,Billing & Payments,where is the money for the return
TK-246231,chat,helpdesk,Billing & Payments,"bhai
payment was deducted but no order was created
bahut pareshan hu
hello??"
TK-247731,chat,helpdesk,Billing & Payments,"Patetic experience honestly. Order VR881259 (Strata 3). payment successful but order not delivered. I already checked with neighbours. I want a replcaement or refund, nothing else."
TK-247615,chat,helpdesk,Billing & Payments,"Product: Strata 3
Purchased: 20/11
Issue: paid but package not delivered even after 14 days
Tried: checked the tracking page daily
Expected: resolution"
TK-246925,chat,helpdesk,Billing & Payments,my order has not been delivered yet - what do i do now?
TK-249243,chat,helpdesk,Billing & Payments,"Product: my Pulse
Order: VR892314
Purchased: 06 Jan
Issue: please share invoice w/ GST number
Tried: tried different browser
Expected: fix"
TK-250196,chat,helpdesk,Billing & Payments,"hello
payment was deducted but no order was created
pls reply"
TK-251978,chat,helpdesk,Billing & Payments,"Hi there, Orddered the AirLite buds in March. Were is the money for the return. I checked bank. Please resolve asap."
TK-247110,chat,helpdesk,Billing & Payments,paid but package not delivered even after 8 days
TK-246741,chat,helpdesk,Billing & Payments,"To the Vireo Customer Care Team,

I am writing with reference to my order of pulse 1 (VR891127) placed on 30 Oct. Invoice not downloading. I have tried different browser. I request you to look into this matter at the earliest.

Yours faithfully,
Meera Sen"
TK-247204,chat,helpdesk,Billing & Payments,"Product: the Pulse 2 earbuds
Order: VR909331
Purchased: 16/11
Issue: I was promised a discount on the call, invoice shows none
Tried: tried in caps
Expected: resolution"
TK-250816,chat,helpdesk,Billing & Payments,"Not what I expected from Vireo.  Got the Nexa 2 from vireo.in 10 days ago. paid, confirmed, then nothing. 11 days and counting. I already checked with neighbours. This is the last time I buy from you."
TK-249735,chat,helpdesk,Billing & Payments,Not acceptable at this price. I bought Strata 3 on 25-01-2026. the festive offer vanished when I clicked pay. I already tried on app and website. Fix this or I am posting on twitter.
TK-245633,chat,helpdesk,Billing & Payments,"Dear Sir/Madam,
Got the nexa smartwatch from Amazon around Diwali. Money debited but order not showing.
Please resolve asap.
Thanks"
TK-248629,chat,helpdesk,Charging & Battery,"namaste, bought the pulse 2 earbuds around august 25 from vireo.in. goes from full to empty during one commute. kindly look into it. thanks in advance, tarun trivedi"
TK-252336,chat,helpdesk,Charging & Battery,the case has been at the same battery level for a week
TK-253979,chat,helpdesk,Charging & Battery,"To teh Vireo Customer Care Team,

I am writing wiith reference to my order of my Nexa Fit bannd plaed on 16/04.  I have to charge it twice a day now, it used to last days. I have fullly charged and discharged twice. I request you to kindly arrange a replacement.

Regards,
Yash Roy"
TK-250530,chat,helpdesk,Charging & Battery,"Hi there,
Got my Pulse 2 from Amazon around Diwali. Battery life has dropped to almost nothing.
Please resolve asap.
Rgds Kavya"
TK-249510,chat,helpdesk,Connectivity,"Hi, Bought the AirLite buds around 26-12-2025 from Amazon.  It goes silent for a sceond every few minutes and comes back. I turned off wifi. Nothing changed. How do I get this fixed? Thanks & regards Diya Rathore"
TK-251415,chat,helpdesk,Connectivity,"Got the mini speaekr from Flipkart in January.  Stuck on the connecting screen forever. I tried hotspot. Need this sorted this week. Rgds, Imran"
TK-252810,chat,helpdesk,Connectivity,"to the vireo customer care team,

i am writing with reference to my order of pulse2 (vr909561) placed on 14 feb.  audio keeps disconnecting every few minutes. i have reset both devices. i request you to provide a resolution within 3 working days.

regards,
manpreet patil"
TK-246495,chat,helpdesk,Connectivity,app not opening after update
TK-245500,chat,helpdesk,Connectivity,"Hey,
Bought Pulse earbuds around 15/09 from vireo.in. Pairing is not working.
I forgot the device and tried again.
Please help.
Awaiting response,"
TK-250555,chat,helpdesk,Delivery & Shipping,"HELLO VIREO, GOT PULSE 2 FROM AMAZON RECENTLY.  Tracking has said out for delivery for a week now. Please advise. Rgds, Sameer"
TK-246347,chat,helpdesk,Delivery & Shipping,"hi
it has been 21 days and i have nothing in hand
??"
TK-245845,chat,helpdesk,Delivery & Shipping,"Hi Vireo support,
Bought the cable around October 01 from Amazon. It has been 19 days & I have nothing in hand.
I called the courier. Nothing changed.
Please resolve asap.
Thanks & regards Aarav Chopra"
TK-250133,chat,helpdesk,Delivery & Shipping,"paid on 29/01, still waiting for something to show up, i want a replacement"
TK-253548,chat,helpdesk,Delivery & Shipping,"hi vireo support, nexa watch purchased last month, order vr883219. my order has not been delivered yet. what do i do now? thanks in advance pranav das"
TK-253612,chat,helpdesk,Delivery & Shipping,"hello ji
my order has not been delivered yet
kuch karo
urgent"
TK-252162,chat,helpdesk,Delivery & Shipping,"Der Sir/Madam,

I am writing with reference to my order of my Strata 2 headphones placed on 07/04. I haven't receivd my order. I hae checked the trakcing page daily. I reuqest you to kindly arrange a replacement.

Sincerely,
Kbair Varghese
Chandigarh"
TK-251354,chat,helpdesk,Delivery & Shipping,"hey
the couirer marked it delvered but nobody in my house got anything
the pulse buds
??"
TK-251809,chat,helpdesk,Delivery & Shipping,Not what I expected from Vireo. Ordered the Pulse 2 earbuds around Diwali. tracking has said out for delivery for a week now. I already checked the tracking page daily. Refund. NOW.
TK-248898,chat,helpdesk,Other,"This is regarding the Pulse 2 earbuds. Pease cancel, ordered by mistake. I want my money back"
TK-249358,chat,helpdesk,Other,"I have been a loyal customer and this is how you treat me. Ordered Arc neckband in January. change of mind, please stop the shipment. I already tried cancel button, greyed out. Escalate this to someone senior."
TK-253869,chat,helpdesk,Other,"ordered the wrong colour, don't ship it.  please call me on my registered number"
TK-249468,chat,helpdesk,Other,"ordered the wrong colour, don't ship it"
TK-246010,chat,helpdesk,Other,"I bought airlite earbuds on 14 Oct.  Need to change delivery address.
I tried editing in app.
What do I do now?
Please revert, Kavya Sethi"
TK-252856,chat,helpdesk,Other,"hi
i moved houses yesterady and the order is going to the old flat
kindly do the needful"
TK-252214,chat,helpdesk,Other,"really frustrating. this is regarding pulse 2. package not delivered even after 6 days. i already checked with neighbours. i want a replacement or refund, nothing else."
TK-250391,chat,helpdesk,Other,"I am losing patience. Orbit Mini purchased recently, order VR883881. card charged two times. I already checked w/ bank. Refund. Now"
TK-253597,chat,helpdesk,Product Enquiry,"Got spare case from vireo.in 2 weeks ago. My dad has an old Nokia, will the watch app run.
Please call me on my registered number.
Tahnks Om"
TK-247483,chat,helpdesk,Product Enquiry,"very poor quality.  i bougght pulse 2 buds on november 13. my dad has an old nokia, will the watcch app run. escalate this to someone senior."
TK-253291,chat,helpdesk,Product Enquiry,"does Pulse2 work w/ iPhone, please help"
TK-253989,chat,helpdesk,Returns & Refunds,"Product: my Pulse 2
Order: VR902550
Purchased: 26-05-2026
Issue: nobody came for teh pickup
Tried: called courier
Expected: fix"
TK-254353,chat,helpdesk,Returns & Refunds,"Hi there, Bought my Nexa Fit band around 11 Jun from Amazon. Where is the money for the return. Can someone fix this?"
TK-253093,chat,helpdesk,Returns & Refunds,"Hello Vireo,
I bought the Nexa 2 on 12/04.  Nobody came for the pickup.
I rescheduled pickup twice.
Please advise.
Thank you Siddharth"
TK-249108,chat,helpdesk,Returns & Refunds,"Dear Sir/Madam,

I am writing with reference to my order of the mini sppeaker (VR891643) placed on 18 Dec. Where is the money for the return. I hae checked bank. I request you to provide a resolution withhin 3 working days.

Yours faithfully,
Abhishek Das"
TK-252062,chat,helpdesk,Returns & Refunds,"hello
pickup scheduled but no one showed up
pulse earbuds vr904429"
TK-252881,chat,helpdesk,Warranty & Repair,"To the Vireo Customer Care Team,

I am writing with reference to my order of Nexa Fit (VR888254) placed on February 21. No update on my repair. I have called service centre. I request you to kindly arrange a replacement.

Regards,
Aishwarya Sethi"
TK-246546,chat,helpdesk,Warranty & Repair,"bhai
i sent the unit in 8 days ago and have heard nothing
recently se"
TK-252274,chat,helpdesk,Warranty & Repair,"no update on my repair
please help"
TK-244031,chat,legacy_fd,Account & Login,"I am losing patience. the nexa smartwatch purchased last week, order VR884982. not receiving OTP to login. I already tried on another browser. I want a replacement or refund, nothing else."
TK-245054,chat,legacy_fd,App & Firmware,"the login code never arrives, tried 6 times"
TK-240753,chat,legacy_fd,App & Firmware,Pathetic experience honestly. This is regarding my Strata 3 headphones. OTP not coming on my number. I already tried on another browser. This is the last time I buy from you.
TK-241043,chat,legacy_fd,Audio Quality,"Product: the AirLite buds
Purchased: 23 Oct
Issue: microphone is verry low on the the AirLite buds
Tried: tried different apps
Expected: callback"
TK-242739,chat,legacy_fd,Billing & Payments,paid full amount on 22/05 - order still says processing
TK-241510,chat,legacy_fd,Billing & Payments,"To the Viireo Customer Care Team,

I am writing with reference to my order of the mnii speaker (VR900400) placed on 13 Mar. Paid but package not delivered even after 16 days. I have checked with neighbours. I request you to look into this matter at the earliest.

Yours faithfully,
Kavya Kulkarni"
TK-243194,chat,legacy_fd,Billing & Payments,"Dear Sir/Madam,

I am writing with reference to my order of my Nexa 2 watch (VR903074) placed on 26-06-2025. Payment went through but I got no order id. I have tried logging out and in. I request you to process a refund to my original payment method.

Yours faithfully,
Shreya Singh"
TK-243837,chat,legacy_fd,Billing & Payments,"hello ji
my bank says rs 6499 went to you but your site says i have no orders
abhi tak kuch nahi hua
the pulse 2 earbuds
hello??"
TK-244964,chat,legacy_fd,Billing & Payments,"Dear Sir/Madam,

I am writing with reference to my order of spare case placed on 02/09. Payment page said success. my doostep says otherwise. I have checked teh tracking page daily. I request you to provide a resolution within 3 working days.

Regards,
Aadhya Pawar"
TK-242086,chat,legacy_fd,Billing & Payments,"product: nxa 2
purchased: 19-04-2025
issue: order not delivered, trracking not updating
tried: called the courier
expected: callback"
TK-242762,chat,legacy_fd,Billing & Payments,Very poor quality. I bought Arc neckband on 01/09. need GST invoice for my order. I already tried different browser. Refund. Now.
TK-240854,chat,legacy_fd,Billing & Payments,"Hello, Order VR880622 (the strata 3). Transaction done, where is my stuff. Please call me on my registered number."
TK-240419,chat,legacy_fd,Charging & Battery,"PRODUCT: PULSE2
ORDER: VR886073
PURCHASED: 11-11-2025
ISSUE: CASE WONT CHARGE SINCE AROUND DIWALI
TRIED: TRIED WIRELESS CHARRGING PAD
EXPECTED: FIX"
TK-242615,chat,legacy_fd,Charging & Battery,"Deaar Sir/Madam,

I am writing with reference to my order of Pulse 2 (VR904801) placed on 18/01. The charging case is not charging. I have charged for 6 hours nothing. I request you to process a refunnd to my original payment method.

Regards,
Varun Bhatt"
TK-244175,chat,legacy_fd,Connectivity,Not acceptable at this price. Got my Pulse 2 from vireo.in last week. bluetooth keeps cutting out. I already reset both devices. Fix this or I am posting on twitter.
TK-243708,chat,legacy_fd,Connectivity,"Dear Sir/Madam,

I am writnig wtih reference to my order of teh Nexa 2 (VR896716) plaecd on 06-04-2025. Firmwaer update is stuck at 89%. I hve restaarted the app. I request you to process a refund to my original payment method.

Yours faithfully,
Reyanh Rao"
TK-244564,chat,legacy_fd,Delivery & Shipping,"To the Vireo Customer Care Team,

I am writing with reference to my order of Pulse2 (VR904455) placed on 17/08. Order not delivered, tracking not updating. I have checked the tracking page daily. I request you to look into this matter at the earliest.

Yours faithfully,
Riya Saxena"
TK-243113,chat,legacy_fd,Delivery & Shipping,"Hey, Ordered the strata 3 3 weeks back. Order status stuck on shipped sicne 14 Jun. I checked the tracking page daily. What do I do now? Thanks"
TK-241621,chat,legacy_fd,Delivery & Shipping,"To the Vireo Customer Care Team,

I am writing w/ reference to my order of Nexa 2 (VR880790) placed on March 21. My order has not been delivered yet. I have checked w/ neighbours. I request u to kindly arrange a replacement.

Sincerely,
Diya Pandey
Indore"
TK-244451,chat,legacy_fd,Delivery & Shipping,received the wrong item. VR890574
TK-244187,chat,legacy_fd,Delivery & Shipping,"I have been a loyal customer and this is how you treat me. spare case purchased in August, order VR890847. paid on 04-08-2025, still waiting for something to show up. I already called the courier. Refund. Now."
TK-243521,chat,legacy_fd,Other,"To the Vireo Customer Care Team,

I am writing with reference to my order of USB-C cable (VR909635) placed on 18/09. Update my shipping address. I have tried editing in app. I request you to kindly arrange a replacement.

Sincerely,
Anjali Iyer
Nashik"
TK-241305,chat,legacy_fd,Other,"hey
is pulse earbuds compatible with my tv
pulse earbuds vr882692
urgent"
TK-244645,chat,legacy_fd,Other,"dear sir/madam,

i am writing with reference to my order of orbit speaker (vr903283) placed on august 23. service centre took it, now silence. i have called service centre. i request you to provide a resolution within 3 working days.

regards,
aarav jadhav
visakhapatnam"
TK-243471,chat,legacy_fd,Other,"to the vireo customer care team,

i am writing with reference to my order of 65w chargr placed on 01/02. paid via upi, amout deducted, no order confirmation. i have waiited 24 hours. i request you to kindly arrange a replacement.

regards,
rohan ansari"
TK-244965,chat,legacy_fd,Product Enquiry,"product: my pulse 2
order: vr900748
purchased: 07/09
issue: discount was not applied at checkout
tried: tried in caps
expected: fix"
TK-240506,chat,legacy_fd,Product Enquiry,"my dad has an old Nokia, will the watch app run"
TK-241313,chat,legacy_fd,Returns & Refunds,"not what i expected from vireo.  ordered the fit band around diwali. refund was promised 4 days ago and nothing. i already checked bank. i want a replacement or refund, nothing else."
TK-242242,chat,legacy_fd,Returns & Refunds,"Pathetic experience honestly.  SRTATA 2 PURCHASED 3 WEEKS BACK, ORDER VR904154. refund was promised 11 days ago and nothing. I already emailed twice. I want a replacement or refund, nothing else."
TK-244477,chat,legacy_fd,Returns & Refunds,"hello vireo, ordered pulse earbuds recently. you picked up teh item 6 days ago and my money hasn't come back. what do i do now? thank you, diya"
TK-244209,chat,legacy_fd,Warranty & Repair,"what is the status of my warranty claim
vr904310"
TK-245968,email,helpdesk,Account & Login,Really frustrating. Got the Pulse buds from Amazon recently. locked out of my own account since recently. I already tried 5 times. Escalate this to someone senior
TK-249917,email,helpdesk,App & Firmware,"Dear Sir/Madam,

I am writing with reference to my order of Pulse 2 (VR881728) placed on 31/07. After the update prompt it went dark and never came back. I have kept phone nearby. I request you to process a refund to my original payment method.

Sincerely,
Krishna Chatterjee"
TK-254582,email,helpdesk,App & Firmware,"Hi team, Ordered my Strata 3 headphones 10 days ago. Since the last updae the app just shows a white screen. How do I get this fixed? Regards"
TK-254037,email,helpdesk,Audio Quality,"bhai
left side has no audio at all
bahut pareshan hu
??"
TK-246420,email,helpdesk,Audio Quality,"Dear Sir/Madam,

I am writing w/ reference to my order of Pulse earubds (VR906365) placed on 21-09-2025. Mic not working on calls. I have tried different apps. I request you to provide a resolution within 3 working days.

Yours faithfully,
Arjun Fernandes"
TK-253310,email,helpdesk,Billing & Payments,"pls cancel, ordered by mistake"
TK-252791,email,helpdesk,Billing & Payments,"product: the nexa 2
order: vr895075
purchased: aprril 18
issue: still waiting for my refund
tried: emailed twice
expected: resolution"
TK-254330,email,helpdesk,Billing & Payments,NOT WHAT I EXPECTED FROM VIREO. Bought pulse 1 around 15 Apr from Flipkart. need the bill with my firm's GSTIN on it. I already tried different browser. Refund. Now.
TK-253512,email,helpdesk,Billing & Payments,"Product: my Pulse 2
Order: VR890406
Purchased: 19 May
Issue: the page failed after I paid and now nothing shows in my account
Tried: checked bank statement
Expected: refund"
TK-254093,email,helpdesk,Billing & Payments,"hey
double payment deducted
the nxea 2
urgent"
TK-250157,email,helpdesk,Billing & Payments,"hello, ordered my strata 3 headphones 3 weeks back. i haven't received my order, payment was done on 30/01. i checked the tracking page daily. nothing changed. i want my money back. thanks & regards, ramesh"
TK-246421,email,helpdesk,Billing & Payments,"Not what I expected from Vireo. Got my Strata 3 headphones from Flipkart last week. I haven't received my order, payment was done on 13 Oct. I already checked the tracking page daily. Refund. Now."
TK-252359,email,helpdesk,Charging & Battery,"Dear Sir/Madam,
Ordered the fit band 2 weeks ago. Battery dranis very fast, barely lasts 2 hours.
I turned off always-on display. Noothing changed.
Pathetic experience honestly.
Kindly look into it.
Thank you"
TK-252958,email,helpdesk,Charging & Battery,"Hello Vireo, Ordered the Pulse buds a month ago. Goes from flul to empty during one commute. I updated the app. Please call me on my registered number. Thank you Kabir Mittal"
TK-246297,email,helpdesk,Charging & Battery,battery backup is terrible now.  need this sorted this week
TK-252784,email,helpdesk,Connectivity,"dear sir/madam,

i am writing with reference to my order of the pulse 2 earbuds (vr886605) placed on 22-11-2025. my phone jut doesn't see it in the list anymore. i have forgot the device and tried again. i reqeust you to look into tis matter at the earliest.

regards,
meera pandey"
TK-249325,email,helpdesk,Connectivity,Not acceptable at this price.  Ordered pulse 2 buds 3 weeks back. my phone just doesn't see it in the list anymore. I already tried on another phone. Fix this or I am posting on twitter.
TK-245976,email,helpdesk,Connectivity,"pairing is not working
please call me on my registered number"
TK-252181,email,helpdesk,Connectivity,"Product: the strata 3
Order: VR886875
Purchased: 29 Mar
Issue: app crashes when I open device settings
Tried: updated phoen
Expected: refund"
TK-247469,email,helpdesk,Delivery & Shipping,"dear sir/madam,

i am writing with reference to my order of pulse 2 placed on 20-11-2025. my order has not been delivered yet. i have checked the tracking page daily. i rqeuest you to process a refund to my original payment method.

sincerely,
zaid george
chandigarh"
TK-254355,email,helpdesk,Delivery & Shipping,"hello vireo, got strata 2 from vireo.in last month. box was crushed and the strata 2 is cracked. i took photos. need this sorted this week. thanks & regards"
TK-248075,email,helpdesk,Delivery & Shipping,"Dear Sir/Madam,

I am writing with reference to my order of Pulse2 placed on 28 Nov. Enteerd wrong pincode. I have tried editing in app. I request you to kindly arrange a replacement.

Yours faithfully,
Aarav Mukherjee
Coimbatore"
TK-253437,email,helpdesk,Delivery & Shipping,"the parcel looked like it was kicked here from the warehouse, and the unit has a crack - VR899867"
TK-251029,email,helpdesk,Delivery & Shipping,"To the Vireo Customer Care Team,

I am writing with reference to my order of the strata 3 (VR903625) placed on 24-02-2026. Package not delivered even after 9 days. I have checked with neighbours. I request you to process a refund to my original payment method.

Regards,
Diya Dhillon"
TK-245298,email,helpdesk,Delivery & Shipping,"To the Vireo Customer Care Team,

I am writing with reference to my order of my Strata 2 headphones (VR898314) placed on 20 Sep. Paid on 20 Sep, still waiting for something to show up. I have called the courier. I request you to process a refund to my original payment method.

Yours faithfully,
Amit Mehta"
TK-254181,email,helpdesk,Delivery & Shipping,"Bougth Pulse earbuds around June 08 frmo Amazon. Prooduct arrived damaged. I refused nothnig as I didn't notice till later. Nothing changed. I wnat my money back. Thank you,"
TK-253367,email,helpdesk,Other,"Hey, Ordred Plse 2 last month.  Package not delivered even after 13 days. I checked with neighbours. Nothing changed. Really frustrating. Need this sorted this week. Please revert,"
TK-245401,email,helpdesk,Other,"dear sir/madam,

i am writing with reference to my order of my nexa 2 watch (vr885368) placed on 12 sep.  payment was deducted but no order was created. i have tried logging out and in. i request you to process a refund to my original payment method.

sincerely,
manish tiwari
vadodara"
TK-249382,email,helpdesk,Other,"dear team, this is regarding my pulse 2. my phone just doesn't see it in the list anymore. i tried on another phone. please advise."
TK-251238,email,helpdesk,Other,Really frustrating. Ordered replacement case 2 weeks ago. card charged two times. I already waited a week. Escalate this to someone senior.
TK-249800,email,helpdesk,Other,"hello
ordered the wrong colour, don't ship it
pulse earbuds VR901965"
TK-252821,email,helpdesk,Other,"to the vireo customer care team,

i am writing with reference to my order of the pulse 2 earbuds (vr885199) placed on 01 may.  card charged two times. i have waited a week. i request you to provide a resolution within 3 working days.

yours faithfully,
gurpreet d'souza"
TK-247587,email,helpdesk,Product Enquiry,"hey
is airlite earbuds compatible with my tv"
TK-250290,email,helpdesk,Product Enquiry,"To the Vireo Customer Care Team,

I am writing with reference to my order of Orbit Mini (VR893440) placed on 26/01. My dad has an old Nokia, will the watch app run. I request you to process a refund to my original payment method.

Regards,
Ayaan Yadav
Mysuru"
TK-250868,email,helpdesk,Returns & Refunds,"Product: the AirLite buds
Order: VR888822
Purchased: 01 Feb
Issue: you picked up the item 8 days ago and my money hasn't come back
Tried: emailed twice
Expected: fix"
TK-249369,email,helpdesk,Returns & Refunds,"hi vireo support, this is regarding my pusle 2. nobody came for the pickup. i rescheduled pickup twice. nothing changed. need this sorted this week."
TK-245820,email,helpdesk,Returns & Refunds,"Hello, Ths is regarding Pulse2.  The return was accepted but the amount is nowhere in my account. I want a replacement. Thanks, Shreya Kapoor"
TK-245995,email,helpdesk,Warranty & Repair,"hi
no udpate on my repaair
orbit speaker
pls repply"
TK-251019,email,helpdesk,Warranty & Repair,"hi sir
no update on my repair
the nexa 2 VR880678"
TK-244383,email,legacy_fd,Account & Login,"dear sir/madam, pulse 2 buds purchased 3 weeks back, order vr884243. locked out of my own account since 3 weeks back. i tried on another browser. nothing changed. honestly regretting this purchase. i want my money back."
TK-245030,email,legacy_fd,App & Firmware,"dear team,
got my nexa from vireo.in last month. can't get past the loading screen in the app.
i reinstalled the app.
need this sorted this week.
thanks in advance"
TK-245020,email,legacy_fd,Audio Quality,"Hi there, Got my Pulse from vireo.in a month ago. I hear music in one ear only, other is mute. Waiting for ur reply. Thank you Mohammed Verma"
TK-243769,email,legacy_fd,Billing & Payments,"To the Vireo Customer Care Team,

I am writing with reference to my order of the fit band placed on 16/07. I haven't received my order, payment was done on 16 Jul. I have called the courier. I request you to look into this matter at the earliest.

Sincerely,
Komal Khan
Bhubaneswar"
TK-242798,email,legacy_fd,Billing & Payments,"helo
need gst invooice for my order
orbit mini VR881383
kindly do the needful"
TK-243491,email,legacy_fd,Billing & Payments,invoice not downloadiing
TK-244745,email,legacy_fd,Billing & Payments,"Rs debtied on 28/08, still empty handed. waiting for your reply"
TK-240828,email,legacy_fd,Charging & Battery,"hello ji
app shows the left at 0 percent no matter how long its in the case
bahut pareshan hu
my arc VR893857
anyone there"
TK-240372,email,legacy_fd,Connectivity,"Dear Sir/Madam,

I am writing with reference to my order of my Strata 2 headphones placde on 26 Nov. Audio keeps disconnecting every few minutes. I have turned off wifi. I request you to kindly arrange a replacement.

Yours faithfully,
Sameer Tiwrai
Mumbai"
TK-243040,email,legacy_fd,Connectivity,"Dear Sir/Madam,

I am writing wih reference to my order of the Nexa 2 placed on 10 Jun. Pairing is not working. I have tried on another phone. I request you to process a refund to my original payment method.

Regards,
Laksmi Malhotra"
TK-242566,email,legacy_fd,Delivery & Shipping,box was crushed and the my Strata 3 headphones is cracked. VR894345. what do i do now?
TK-243105,email,legacy_fd,Delivery & Shipping,Order VR904020 (orbit mini). Screen has a crack before I even switched it on. I took photos. Nothing changed. Please resolve asap. Thanks & regards
TK-240491,email,legacy_fd,Delivery & Shipping,"hi team,
i bought the pulse buds on january 11. i haven't received my order.
i want my money back.
thanks in advance"
TK-243845,email,legacy_fd,Other,"dear sir/madam,

i am writing with reference to my order of strata 3 placed on 24 jul. the courier marked it delivered but nobody in my house got anything. i have checked with neighbours. i request you to process a refund to my original payment method.

regards,
meera patil"
TK-241003,email,legacy_fd,Other,"Product: orbit mini
Order: VR886708
Purchased: February 17
Issue: please cancel, ordered by mistake
Tried: tried cancel button, greyed out
Expected: fix"
TK-243679,email,legacy_fd,Other,"ordered my pulse 2 10 days ago. cancel order.
please help."
TK-243894,email,legacy_fd,Product Enquiry,"Dear Sir/Madam,

I am writing with reference to my odrer of Pulsse earbusd placed on Juyl 22. Your ad said 20% off and the cart says full price. I have tried in caps. I request you to kindly arrange a replacement.

Yours faithfully,
Kvaya Ghosh"
TK-240692,email,legacy_fd,Returns & Refunds,"bought my arc around 06/02 from amazon. you picked up the item 21 days ago and my money hasn't come back. i emailed twice. nothing changed. how do i get this fixed? rgds,"
TK-244741,email,legacy_fd,Returns & Refunds,return pickup has not happened - pllease call me on my registered numer
TK-244221,email,legacy_fd,Warranty & Repair,"Dear Sir/Madam,

I am writing with reference to my order of my Pulse 2 (VR908771) placed on 11-08-2025.  What is the status of my warranty claim. I have called service centre. I request you to provide a resolution within 3 working days.

Regards,
Diya Gupta"
TK-248976,social,helpdesk,Account & Login,"Hello Vireo,
I bought Pulse2 on 12-12-2025. Your site keeps saying it sent me a code and my phone disagrees.
Nede this srted this week.
Thakns in advance, Arjun Dutta"
TK-253110,social,helpdesk,App & Firmware,it's showing a spinning circle for hours
TK-253986,social,helpdesk,Audio Quality,"Dear Sir/Madam,

I am writing with reference to my order of pulse 2 buds (VR901691) placed on 19 Aug.  Right earbud completely silent. I have reset the buds. I request you to look into this matter at the earliest.

Regards,
Thomas Mishra"
TK-253107,social,helpdesk,Billing & Payments,"Hi team,
Bought my Pulse 2 around May 02 from vireo.in. Payment done, order status has not moved since 02 May.
I want my money back."
TK-247720,social,helpdesk,Billing & Payments,"sir ji
my order has not been delivered yet
a month ago se
anyone there"
TK-252877,social,helpdesk,Billing & Payments,"to the vireo customer care team,

i am writing with reference to my order of airlite earbuds (vr893770) placed on 22 apr. my order has not been delivered yet. i have checked with neighbours. i request you to kindly arrange a replacement.

sincerely,
steven fernandes"
TK-251042,social,helpdesk,Charging & Battery,This is very disappointing. Got teh AirLite buds form vireo.in 10 days ago. case wont charge since 10 dayys ago. I already tried wireless charging pad. Refund. Now.
TK-253347,social,helpdesk,Connectivity,"hi there,
got pulse 2 from flipkart in april. random disconnects during calls.
i reset both devices.
please help.
awaiting response,"
TK-253372,social,helpdesk,Delivery & Shipping,"it has been 17 days and I have nohing in hand, please call me on my registered nuber"
TK-246387,social,helpdesk,Delivery & Shipping,"I am losing patience. Order VR887114 (Strata 3). change of mind, please stop the shipment. I already tried cancel button, greyed out. This is the last time I buy from you."
TK-250882,social,helpdesk,Other,"Hi, Ordered the Nexa 2 a month ago. It has been 15 days and I have nothing in hand. I checked the tracking page daily. Honestly regretting this purchase. I want my money back. Please revert, Nikhil Jain"
TK-247089,social,helpdesk,Other,"Product: the Nexa 2
Purchased: 31-10-2025
Issue: want to cancel my order
Tried: tried cancel button, greyed out
Expected: resolution"
TK-251599,social,helpdesk,Product Enquiry,"DAER SIR/MADAM,
GOT YOUR CHARGER FROM FLIPKART RECENTLY.  Is your charger compatible wiith my TV.
I want my money back."
TK-246788,social,helpdesk,Returns & Refunds,Very poor quality. Got Nexa 2 from vireo.in last month. refund not received yet. I already emailed twice. This is the last time I buy from you.
TK-248698,social,helpdesk,Warranty & Repair,"hi vireo support, bought the fit band around 12/12 from vireo.in.  what is the status of my warranty claim. i called service centre. nothing changed. i have been a loyal customer and this is how you treat me. please advise. awaiting response,"
TK-244636,social,legacy_fd,Account & Login,"Hi, Ordered Nexa watch last week. OTP not coming on my number. Need this sorted this week. Thanks in advance, Ayaan"
TK-241564,social,legacy_fd,App & Firmware,"Dear Sir/Madam,

I am writing w/ reference to my order of my Arc (VR898410) placed on 14-03-2025. The pairing light blinks but nothing ever shows up on my Moto. I have restarted the phone. I request you to kindly arrange a replacement.

Sincerely,
Krishna Jadhav"
TK-244239,social,legacy_fd,Audio Quality,honestly regretting thhis purchase.  this is regarding the airlite buds. static noise when playing music. i already tried wired mode. refund. now.
TK-240635,social,legacy_fd,Billing & Payments,"hii
still waiting for my refund
anyoen there"
TK-244513,social,legacy_fd,Charging & Battery,Very poor quality. Order VR902159 (pulse 2 buds). left earbud shows 0% & never charges. I already did the reset from the manual. Fix this or I am posting on twitter.
TK-243128,social,legacy_fd,Connectivity,"Product: Strata 3
Order: VR888593
Purchased: 04-06-2025
Issue: my phone just doesn't see it in the lst anymore
Tried: restarted the phone
Expected: replacement"
TK-243848,social,legacy_fd,Delivery & Shipping,this is regarding nexa 2. received damaged product. i took photos. nothing changed. please help. regards rohan patel
TK-241384,social,legacy_fd,Other,"HELLO JI
WHAT IS THE STATSU OF MY WARANTY CLAIM
ITNA PIASA DIYA HAI
HELLO??"
TK-241185,social,legacy_fd,Product Enquiry,very pooor quality. i bought nexa fit on 13-03-2025. is nexa fit compatible with my tv. escalate this to someone senior.
TK-242472,social,legacy_fd,Returns & Refunds,"RETURN PICKUP HAS NOT HAPPENED
VR880540"
TK-245066,social,legacy_fd,Warranty & Repair,"hi sir
the left one is dead every morning even though it was in the case all night
itna paisa diya hai
airlite earbuds
hello??"
TK-247905,voice,helpdesk,Account & Login,"hey
not receiving otp to login"
TK-254354,voice,helpdesk,App & Firmware,"[IVR transcript] This is regarding Nexa 2.  Cannot pair Nexa 2 with my laptop. Kindly look into it. Thanks in advance,"
TK-251129,voice,helpdesk,Audio Quality,"Namaste, Bouhgt the Pulse 2 earbuds around Januay 22 from Amazon.  Only one side plays sound. I cecked balance settings. Nothing changed. I waant my money back. Awaiting response"
TK-251607,voice,helpdesk,Billing & Payments,two entrise of Rs 4999 on my statement for one pair of earbuds
TK-250062,voice,helpdesk,Billing & Payments,[IVR transcript] money debited but order not showing vr887862 please call me on my registered number
TK-250943,voice,helpdesk,Billing & Payments,"[IVR transcript] sir ji paid once, statement disagrees please jaldi my pulse 2 urgent"
TK-247715,voice,helpdesk,Charging & Battery,Not what I expected from Vireo. Ordered pulse 1 2 weeks ago. only the right one lights up when I put them in the case. I already tried a different cable. This is the last time I buy from you.
TK-246720,voice,helpdesk,Charging & Battery,"[IVR transcript] the L bud is basically a paperweight now, R is fine, VR900565"
TK-246803,voice,helpdesk,Connectivity,"the pairing light blinks but nothing ever shows up on my Nothing phone, VR905942, please help"
TK-251864,voice,helpdesk,Connectivity,not what i expected from vireo. i bought pulse 2 on 01/03. bluetooth keeps cutting out. i already reset both devices. refund. now
TK-250694,voice,helpdesk,Delivery & Shipping,[IVR transcript] it has been 20 days and i have nothing in hand
TK-249741,voice,helpdesk,Delivery & Shipping,I am losing patience. Ordered pulse 2 buds last month. the courier marked it delivered but nobody in my house got anything. I already called the courier. Escalate this to someone senior
TK-245972,voice,helpdesk,Delivery & Shipping,[IVR transcript] hii the box says usb-c cable but what's inside is not what i paid for usb-c cable vr907224
TK-253758,voice,helpdesk,Other,"[IVR transcript] change of mind, please stop the shipment i want my money back"
TK-248822,voice,helpdesk,Other,"[IVR transcript] Honestly regretting this purchase.  Bought my Nexa around December 24 from Flipkart. change of mind, pls stop the shipment. I already tried cancel button, greyed out. This is the last time I buy from you."
TK-254491,voice,helpdesk,Other,"Hello,
Got the Nexa 2 frmo vireo.in 3 weeks back. Please cancel, ordered by mistake.
I tried cancel button, greyed out. Ntohing changed.
I want a replacement."
TK-245955,voice,helpdesk,Product Enquiry,"i bought the nexa 2 on 02/10. my dad has an old nokia, will the watch app run. please advise. awaiting resposne ananya roy"
TK-245540,voice,helpdesk,Returns & Refunds,"[IVR transcript] Hi, Bought replacement case around 04/09 from vireo.in.  I have been sitting at home for 3 days waiting for your courier. I rescheduled pickup twice. Please help. Regards Karan"
TK-249726,voice,helpdesk,Returns & Refunds,[IVR transcript] bhai still waiting for my refund please jaldi orbit mini urgent
TK-246533,voice,helpdesk,Warranty & Repair,"[IVR transcript] Hi team, I bought Nexa 2 on 24-09-2025.  Screen lights up but does nothing wen I touch. I restarted. Kindly look into it. Regards"
TK-244205,voice,legacy_fd,Account & Login,"the login code never arrives, tried 6 times. VR897624. what do i do now?"
TK-244326,voice,legacy_fd,App & Firmware,[IVR transcript] helo firmware update is stuck at 67%
TK-244537,voice,legacy_fd,Audio Quality,[IVR transcript] bhai static noise when playing music abhi tak kuch nahi hua anyone there
TK-241042,voice,legacy_fd,Billing & Payments,"hii
invoice not downloading
the nexa smartwatch
kindly do the needful"
TK-244016,voice,legacy_fd,Charging & Battery,[IVR transcript] hello dise by lunchtime w/ light use pulse 2 buds VR893948 hello??
TK-241827,voice,legacy_fd,Connectivity,[IVR transcript] sir ji bluetooth pairing fails every time pls jaldi
TK-243702,voice,legacy_fd,Delivery & Shipping,[IVR transcript] hey wrong product delivered pls reply
TK-240501,voice,legacy_fd,Delivery & Shipping,[IVR transcript] this is very disappointing. ordered my nexa fit band last week. received the wrong item. i already rechecked my order. fix this or i am posting on twitter.
TK-243339,voice,legacy_fd,Other,"dear team, i bought airlite earbuds on 04 may.  want to cancel my order. i tried cancel button, greyed out. please advise. regards ayaaan trivedi"
TK-241292,voice,legacy_fd,Product Enquiry,[IVR transcript] hi sir does strata 2 work w/ iphone itna paisa diya hai strata 2 vr902108
TK-244000,voice,legacy_fd,Returns & Refunds,"Hi,
This is regarding my Strata 3 headphones. Box was crushed and the my Strata 3 headphones is cracked.
How do I get this fixed?"
TK-241995,voice,legacy_fd,Warranty & Repair,I have been a loyal customer and this is how you treat me.  This is regarding the Nexa 2. screen is unresponsive. I already cleaned screen. This is the last time I buy from you.
