key,value,unit,type,note
months_in_window,6.0,months,measured,Jan-Jun 2026
billing_tagged_h1,900.0,tickets,measured,"Billing-tagged, Jan-Jun 2026"
delivery_in_billing_h1,314.0,tickets,measured,agent notes describe delivery work (stage 2 rule)
baseline_share,0.3488888888888889,share,measured,delivery work as share of Billing-tagged
delivery_in_billing_resolved_by_billing_h1,92.0,tickets,measured,"Billing agents did the delivery work themselves: no transfer happened, so no transfer saving is counted"
transfers_per_misrouted,0.9044585987261147,transfers/ticket,measured,n=314; 95% CI 0.828-0.981
transfers_per_logistics_tagged,0.08831521739130435,transfers/ticket,measured,n=736; 95% CI 0.065-0.112
transfers_per_genuine_billing,0.09107806691449814,transfers/ticket,measured,n=538
breach_rate_misrouted,0.3630573248407643,share,measured,
breach_rate_logistics_tagged,0.08967391304347826,share,measured,
repeat_rate_misrouted_all,0.05211726384364821,share,measured,"customer+category key, Jan 2025-Jun 2026"
repeat_rate_logistics_tagged_all,0.05301837270341207,share,measured,
csat_misrouted_all,2.3541666666666665,1-5,measured,"n=432, blanks excluded"
csat_logistics_tagged_all,3.128409090909091,1-5,measured,n=880
tool_recall_delivery,0.9609120521172638,share,measured,885/921 Billing-tagged with delivery notes; CI 0.946-0.972
tool_false_positive_rate,0.013297872340425532,share,measured,20/1504 Billing-tagged without delivery notes sent to delivery; CI 0.0086-0.0205
low_q_mis,117.0,,estimate,
low_recall,0.9463609764246568,,estimate,
low_excess,0.7158601055855414,,estimate,
low_fp,0.020451129867371545,,estimate,
low_fixed,110.72423424168484,,estimate,
low_avoided,79.26306201513073,,estimate,
low_fp_tickets,5.9921810511398625,,estimate,
low_new_transfers,4.873923410087633,,estimate,
low_net,74.3891386050431,,estimate,
low_saving_q,22688.687274538144,,estimate,
low_saving_y,90754.74909815258,,estimate,
low_target_share,0.021398285091820273,,estimate,
base_q_mis,157.0,,calculated,
base_recall,0.9609120521172638,,calculated,
base_excess,0.8161433813348103,,calculated,
base_fp,0.013297872340425532,,calculated,
base_fixed,150.86319218241042,,calculated,
base_avoided,123.12599578671576,,calculated,
base_fp_tickets,3.896276595744681,,calculated,
base_new_transfers,3.1691555295319636,,calculated,
base_net,119.9568402571838,,calculated,
base_saving_q,36586.83627844106,,calculated,
base_saving_y,146347.34511376423,,calculated,
base_target_share,0.02078579046106091,,calculated,
high_q_mis,198.0,,estimate,
high_recall,0.9716340618608181,,estimate,
high_excess,0.9164266570840793,,estimate,
high_fp,0.008624603286561866,,estimate,
high_fixed,192.38354424844198,,estimate,
high_avoided,176.30540833358674,,estimate,
high_fp_tickets,2.5270087629626268,,estimate,
high_new_transfers,2.0554197315111566,,estimate,
high_net,174.24998860207558,,estimate,
high_saving_q,53146.24652363305,,estimate,
high_saving_y,212584.9860945322,,estimate,
high_target_share,0.018968780578574086,,estimate,
headline_saving_per_quarter,36586.83627844106,INR/quarter,calculated,
headline_saving_per_year,146347.34511376423,INR/year,calculated,
headline_target_share,0.02078579046106091,share,calculated,
saving_vs_two_hires,0.1626081612375158,ratio,calculated,
alt_method_breach_credit_saving_per_quarter,14435.222967709953,INR/quarter,calculated,alternative single method for the same events; NOT added to the headline
actual_weekly_mean,181.6,tickets/week,measured,25 full weeks Jan-Jun 2026
actual_weekly_min,161.0,tickets/week,measured,
actual_weekly_max,214.0,tickets/week,measured,
form_to_actual_ratio,3.579295154185022,x,calculated,
form_weekly_as_monthly,2816.6666666666665,tickets/month,calculated,
actual_weekly_as_monthly,786.9333333333333,tickets/month,calculated,
headline_saving_per_quarter_if_650,130955.08579838484,INR/quarter,estimate,only if the extra volume has the same mix and misroute rate
available_hours_per_agent_month,176.0,hours,assumption,8 h x 22 shifts
two_hires_as_agent_hours_per_month,454.54545454545456,hours/month,calculated,Rs 9 lakh / Rs 165 / 12
hours_bot_tag_Billing_tickets_per_month,150.0,,calculated,
hours_bot_tag_Billing_workload_hours_per_month,340.97474747474746,,calculated,
hours_bot_tag_Billing_load,0.4843391299357208,,calculated,
hours_bot_tag_Billing_load_with_2_more,0.32289275329048056,,calculated,
hours_bot_tag_Billing_load_if_650_per_week,1.7335927007611154,,calculated,
hours_bot_tag_Logistics_tickets_per_month,122.66666666666667,,calculated,
hours_bot_tag_Logistics_workload_hours_per_month,228.39898989898992,,calculated,
hours_bot_tag_Logistics_load,0.2595443067033976,,calculated,
hours_bot_tag_Logistics_load_with_2_more,0.18538879050242688,,calculated,
hours_bot_tag_Logistics_load_if_650_per_week,0.9289856792797824,,calculated,
hours_owner_of_the_work_Billing_tickets_per_month,97.66666666666667,,calculated,
hours_owner_of_the_work_Billing_workload_hours_per_month,182.0151515151515,,calculated,
hours_owner_of_the_work_Billing_load,0.25854424931129477,,calculated,
hours_owner_of_the_work_Billing_load_with_2_more,0.1723628328741965,,calculated,
hours_owner_of_the_work_Billing_load_if_650_per_week,0.9254061787023216,,calculated,
hours_owner_of_the_work_Logistics_tickets_per_month,175.0,,calculated,
hours_owner_of_the_work_Logistics_workload_hours_per_month,387.35858585858585,,calculated,
hours_owner_of_the_work_Logistics_load,0.4401802112029385,,calculated,
hours_owner_of_the_work_Logistics_load_with_2_more,0.31441443657352747,,calculated,
hours_owner_of_the_work_Logistics_load_if_650_per_week,1.5755348969268173,,calculated,
tickets_moved_to_logistics_per_month,50.28773072747014,tickets/month,calculated,
hours_moved_to_logistics_per_month,68.6712400881782,hours/month,calculated,contact cost of the moved tickets / Rs 165
hours_moved_as_fte,0.39017750050101246,FTE,calculated,
share_sent_to_llm_if_enabled,0.05583712739455373,share,measured,confidence < 0.6 after rules + TF-IDF (rules v2)
llm_input_tokens_per_call,515.9647152306503,tokens,estimate,characters / 4; never measured
runcost_form: 650/week_tickets_per_run,650.0,,calculated,
runcost_form: 650/week_offline_inr_per_run,0.0,,calculated,
runcost_form: 650/week_offline_inr_per_month,0.0,,calculated,
runcost_form: 650/week_llm_calls_per_run,36.29413280645993,,estimate,
runcost_form: 650/week_llm_low_inr_per_run,9.785608835074505,,estimate,
runcost_form: 650/week_llm_low_inr_per_month,42.40430495198952,,estimate,
runcost_form: 650/week_llm_base_inr_per_run,25.755027269916877,,estimate,
runcost_form: 650/week_llm_base_inr_per_month,111.6051181696398,,estimate,
runcost_form: 650/week_llm_high_inr_per_run,70.4693988874755,,estimate,
runcost_form: 650/week_llm_high_inr_per_month,305.3673951790605,,estimate,
runcost_actual: mean_tickets_per_run,181.6,,calculated,
runcost_actual: mean_offline_inr_per_run,0.0,,calculated,
runcost_actual: mean_offline_inr_per_month,0.0,,calculated,
runcost_actual: mean_llm_calls_per_run,10.140022334850958,,estimate,
runcost_actual: mean_llm_low_inr_per_run,2.7339485606915845,,estimate,
runcost_actual: mean_llm_low_inr_per_month,11.847110429663532,,estimate,
runcost_actual: mean_llm_base_inr_per_run,7.195558388026005,,estimate,
runcost_actual: mean_llm_base_inr_per_month,31.180753014779352,,estimate,
runcost_actual: mean_llm_high_inr_per_run,19.688065904562386,,estimate,
runcost_actual: mean_llm_high_inr_per_month,85.31495225310367,,estimate,
runcost_actual: low week_tickets_per_run,161.0,,calculated,
runcost_actual: low week_offline_inr_per_run,0.0,,calculated,
runcost_actual: low week_offline_inr_per_month,0.0,,calculated,
runcost_actual: low week_llm_calls_per_run,8.989777510523151,,estimate,
runcost_actual: low week_llm_low_inr_per_run,2.423820034533839,,estimate,
runcost_actual: low week_llm_low_inr_per_month,10.503220149646635,,estimate,
runcost_actual: low week_llm_base_inr_per_run,6.379322139164025,,estimate,
runcost_actual: low week_llm_base_inr_per_month,27.643729269710775,,estimate,
runcost_actual: low week_llm_high_inr_per_run,17.45472803212855,,estimate,
runcost_actual: low week_llm_high_inr_per_month,75.63715480589038,,estimate,
runcost_actual: high week_tickets_per_run,214.0,,calculated,
runcost_actual: high week_offline_inr_per_run,0.0,,calculated,
runcost_actual: high week_offline_inr_per_month,0.0,,calculated,
runcost_actual: high week_llm_calls_per_run,11.949145262434499,,estimate,
runcost_actual: high week_llm_low_inr_per_run,3.2217235241629907,,estimate,
runcost_actual: high week_llm_low_inr_per_month,13.960801938039625,,estimate,
runcost_actual: high week_llm_base_inr_per_run,8.479347439634171,,estimate,
runcost_actual: high week_llm_base_inr_per_month,36.743838905081404,,estimate,
runcost_actual: high week_llm_high_inr_per_run,23.200694402953474,,estimate,
runcost_actual: high week_llm_high_inr_per_month,100.53634241279838,,estimate,
