ticket_id,channel,customer_message
TK-243610,email,"dear sir/madam,
this is regarding the orbit smart speaker. need to change delivery address.
i want my money back.
thanks in advance"
TK-244990,chat,I am losing patience. Ordered my Strata 2 headphones 10 days ago. app not opening after update. I already updated phone. Escalate this to someone senior.
TK-243858,chat,"hello
the page failed after i paid and now nothing shows in my accouunt
the gan charger VR899421
pls repy"
TK-244412,voice,"sir ji
payment was deducted but no order was created
itna paisa diya hai
hello??"
TK-241049,voice,"[IVR transcript] Hi there, This is regarding Nexa watch. Claim number RMA30627, anyone alive there?. I want my money back. Rgds,"
TK-253006,chat,"Got the Pulse 2 earbuds from Flipkart 3 weeks back. Audio keeps disconnecting every few minutes. I reset both devices. Can someone fix this? Thank you, Bhavna Rao"
TK-244472,social,watch not responding to touch - VR888949
TK-250143,chat,i am losing patience. bought orbit mini around 27-10-2025 from amazon. bluetooth pairing fails every time. i already forgot the device and tried again. refund. now.
TK-247181,email,"To the Vireo Customer Care Team,

I am wriing with reference to my order of my Nexa placed on August 09.  Not receiving OTP to login. I haev tried 5 times. I request you to provide a resolution witihn 3 working days.

Regards,
Amit Rao
Visakhapatnam"
TK-247152,email,it goes silent for a second every few minutes and comes back
TK-243854,voice,"[IVR transcript] Dear Sir/Madam, I bought Pulse earbuds on 27 Jul. The app said pickup today, that was on 27 Jul. Please help. Thank you,"
TK-242740,chat,"paid full amount on 30/05 - order still says processing
VR892536"
TK-254294,voice,[IVR transcript] got a different colour than ordered - what do i do now?
TK-248108,social,"Product: the Pulse buds
Order: VR888191
Purchased: Novmber 29
Issue: cancel order VR888191
Tried: tried cancel button, greyed out
Expected: refund"
TK-247508,voice,"hi, bought my nexa around 09/11 from amazon. box was crushed & the my nexa is cracked. i refused nothing as i didn't notice till later. nothing changed. kindly look into it. regards,"
TK-243135,chat,"goes from full to empty during one commute, please resolve asap"
TK-250205,chat,"bhai
after the update propt it went dark and never came back
anyone therre"
TK-244437,chat,"entered wrong pincode
please resolve asap"
TK-242839,voice,[IVR transcript] hey return pickup has not happened pulse 1
TK-242661,chat,"sir ji
it's showing a spinning circle for hours
please help karo
nexa watch VR898471
urgent"
TK-251751,social,"Dear Sir/Madam,

I am writing with reference to my order of my Pulse 2 (VR882525) placed on March 20. Rs debited on 20/03, still empty handed. I have called the courier. I request you to kindly arrange a replacement.

Sincerely,
Zoya Gupta"
TK-251676,email,"Very poor quality. Ordered Pulse2 a month ago. app shows the left at 0 percent no matter how long its in the case. I already celaned the contacts with a cloth. I want a replacement or refund, nothing else."
TK-243150,voice,[IVR transcript] really frustrating. this is regarding my strata 2 headphones. otp not coming on my number. i already tried 5 times. fix this or i am posting on twitter.
TK-243340,voice,"[IVR transcript] Hey, Boughht the strata 3 around 21/06 froom vireo.in. Is the strata 3 compatbile with my TV. How do I get ths fixed? Thanks & regarsd"
TK-248730,chat,"hey
pairing is not working"
TK-247366,voice,"[IVR transcript] Hi, Got 65W charger from Amazon last month. Before I buy - will this talk to a 2019 Samsung. How do I get this fixed? Rgds Vivaan"
TK-253207,social,"hi sir
it goes silent for a second every few minutes and comes back
please jaldi
pulse 2
kindly do the needful"
TK-253057,chat,"hello, this is regarding replacement case.  the return was accepted but the amount is nowhere in my account. i checked bank. nothing changed. need this sorted tis week. thanks imran"
TK-245325,voice,"hi vireo support,
ordered pules 2 buds recently.  order status stuck on shipped since september 19.
i checked the tracking page daily. nothing changed.
honestly regretting this purchase.
please call me on my registered number.
regards,"
TK-254141,chat,"To the Vireo Customer Care Team,

I am writing with reference to my order of Nexa Fit (VR885260) placed on May 25. The page failed after I paid and now nothing shows in my account. I have waited 24 hours. I request you to process a refund to my original payment method.

Sincerely,
Arjun Patil
Kochi"
TK-248933,email,"product: airlite earbuds
order: vr882220
purchased: 28 dec
issue: can i connect two airlite earbuds together
expected: refund"
TK-245533,chat,bought the pulse 2 earbuds around 01-09-2025 from amazon. keeps losing my phone if i walk to the other room. kindly look into it. thanks
TK-247146,voice,"bhai
firmware update is stuck at 99%
abhi tak kuch nahi hua
anyone there"
TK-241062,email,"hey
the app said pickup today, that was on february 13
orbit speaker"
TK-248079,chat,"This is regarding airlite earbuds.  Ordered black, got white, not what I asked for. I rechecked my order. Please advise. Please revert,"
TK-242255,chat,"helo
my phone just doesn't see it in the list anymore
orbit mni
kindly do the needful"
TK-250743,email,"helo
not pairing with my phone"
TK-247809,chat,honestly regretting tis purchase. this is regarding my neexa 2 watch. wrong product delivered. i already chcked the invoice. this is the last tiem i buy frrom you.
TK-251263,voice,[IVR transcript] hey the strap is tearing the nexa 2
TK-250302,voice,"hello
i haven't received my order"
TK-247777,chat,"hi sir
the amonut got deducted and since then ttal silence, no update, nothing at my door
abhi tak kuch nahi hua
my strata 3 headphones"
TK-246257,social,firmware update stuck for 2 hours
TK-244560,email,honestly regretting this purchase. ordered arc neckband around diwali. dies by lunchtime with light use. i already fully charged and discharged twice. refund. now.
TK-247310,email,audio keeps disconnecting every few minutes
TK-251641,email,"Dear Sir/Madam,
Ordered my Pulse 2 weeks ago. It connects for a second and then vanishes from the device list.
Can someone fix this?
Thanks Aarav Gaikwad"
TK-241973,email,static noise when playing music
TK-243011,chat,"HEY
PACKAGE NOT DELIVERED EVEN AFTER 10 DAYS
NEXA 2
PLS REPLY"
TK-248120,email,I am losinng patience. Ordered airlite earbuds in November. where is the monye for the return. I already checked bank. Refund. Now.
TK-241122,chat,Ordered my Arc last week.  The page failed after I paid and now nothing shows in my account. I waited 24 hours. Nothing changed. Pathetic experience honestly. Pleae reesolve asap. Thanks Rohan Desai
TK-253178,chat,CAN'T GET PAST THE LOADING SCREEN IN THE APP - WHAT DO I DO NOW?
TK-248092,email,"hey,
i bought the charging case i ordered on 08/12. order status stuck on shipped since 08/12.
please help.
rgds meera"
TK-253538,chat,not pairing with my phone
TK-242863,voice,[IVR transcript] Honestly regretting this purchase. Ordered my Strata 2 headphonnes in May. crackling sound in the right side. I already tried different apps. Escalate this to someone senior
TK-253170,email,"Dear Sir/Madam,

I am writing with reference to my order of Nexa 2 (VR901707) placed on April 18. Refund not received yet. I have checked bank. I request you to provide a resolution within 3 working days.

Yours faithfully,
Tenzin Sandhu
Patna"
TK-248618,chat,"helo
left earbud shows 0% and never charges
my pulse 2
hello??"
TK-249183,email,"product: spare case
order: vr890029
purchased: 28 dec
issue: still waiting for my refund
tried: emailed twice
expected: resolution"
TK-251470,voice,[IVR transcript] Not acceptable at this price. Ordered Pulse 2 2 weeks ago. refund not received yet. I aleady checked bank. Escalate this to someone senior.
TK-240712,chat,"hello ji
package not delivered even after 18 days
airlite VR881133
pls reply"
TK-240774,chat,"This is very disappointing. Ordered the AirLite buds around Diwali. two entries of Rs 2499 on my statement for one pair of earbuds. I already checked with bank. I want a replacement or refund, nothing else."
TK-247784,email,"sir ji
discount was not applied at checkout
abhi tak kuch nahi hua
kindly do the needful"
TK-253630,voice,[IVR transcript] wrong product delivered
TK-241293,chat,strap pin came off
TK-241031,chat,"package not delivered even after 14 days, VR891535"
TK-254210,chat,"16 days since payment, you have no idea where it is and neither do I - i want my money back"
TK-252434,chat,"Honestly regretting this purchase. I boguht Strata 2 on 24/03. teh sound stutters whenever my phoen is in my pocket. I already kept phone in hand. I want a replacement or refund, nothing else."
TK-245128,chat,"Hi team, Got pulse 2 buds from vireo.in in August. Left side has no audio at all. I tried different phone. Nothing changed. Need this sorted this week. Thanks & regards, Dev Bhatia"
TK-250977,email,HONESTLY REGRETTING THIS PURCHASE. This is regarding Strata 2. people cannot haer me on calls. I already checked mic permissions. This is the last time I buy from u
TK-241073,chat,"product: strata 3
order: vr894519
purchased: 12-01-2025
issue: satic noise when playing music
tried: tried different apps
expected: refund"
TK-248624,email,"dear sir/madam, my strata 3 headphones purchased recently, order vr905612. audio keeps disconnecting every few minutes. i turned off wifi. nothing changed. i want my money back. thanks & regards, isha"
TK-247802,email,"team,
refund was promised 14 days ago and nothing
bahut pareshan hu
pls reply"
TK-252442,social,"hello ji
the reutrn was accepted but the amount is nowhere in my account
anyone there"
TK-253340,email,"hello ji
battery life has dropped to almost nothing
kuch karo
strata 2 VR893076
anyone there"
TK-243384,chat,"bhai
does nexa fit work with iphone
nexa fit
pls reply"
TK-246945,chat,"my order has not been delivered yet
whta do i do now?"
TK-251380,email,"HII
DISTORTED AUDIO AT HIGH VOLUME"
TK-248549,chat,"to the vireo customer care team,

i am writing with reference to my order of nexa watch (vr899996) placed on 21/12. package not delivered even after 9 days. i have called the courier. i request you to provide a resolution witthin 3 working days.

sincerely,
daniel das
nagpur"
TK-241103,email,"Hi, This is regarding the neckband.  It goes silent for a second every few minutes and comes back. I reset both devices. Nothing changed. Please call me on my registered number."
TK-244143,chat,"sir ji
the login code never arrives, tried 6 times
abih tak kuch nahi hua"
TK-243800,chat,"namaste, this is regarding my pulse. payment successful but order not delivered. i checked with neighbours. i have been a loyal customer and this is how you treat me. kindly look into it."
TK-246072,voice,"[IVR transcript] team, order status stuck on shipped since 09/10 please jaldi the pulse buds ??"
TK-248967,voice,[IVR transcript] Very poor quality. Got Pulse 2 from Amazno recently. your site keeps saying it sent me a code and my phone disagrees. I already tried on another browser. This is the last tiem I buy from you.
TK-247600,voice,I haven't received my order
TK-249802,chat,"order not delivered, tracking not updating"
TK-242523,social,"Hi there,
Bougght the strata 3 around 19/04 frmo vireo.in.  Battery bcakup is terrible now.
I fully charged and discharged twice.
Please help.
Plaese revert, Zaid"
TK-243728,chat,"hi sir
the parcel looked like it was kicked here from the warehouse, & the unit has a crack
itna paisa diya hai
pls reply"
TK-240896,email,"Not what I expected from Vireo.  Strata 3 purchased around Diwali, order VR906042. money went out of my account 8 days ago and I have nothing in hand. I already checked the tracking page daily. Refund. Now"
TK-245800,voice,[IVR transcript] I am losing patience. I BOUGHT THE STRATA 3 ON 02 OCT. retrun pickup has not happened. I already called courier. Fix this or I am posting on twitter
TK-254131,email,"product: orbit mini
order: vr886163
purchased: 05 jul
issue: audio keeps disconnecting every few minutes
tried: reset both devices
expected: callback"
TK-251126,email,"Hi team, This is regarding the nexa smartwatch. Battery life has dropped to almost nothing. Please resolve asap. Thank you,"
TK-244359,voice,[IVR transcript] Pathetic experience honestly.  I bought the mini speaker on 01 Jun. it's showing a spining circle for hours. I already restarted the app. This is the lasst time I buy from you.
TK-241865,email,"hi
entered wrong pincode
nxa 2 VR896716
anyone there"
TK-244973,chat,"Dar Sir/Madam,

I am writing with refernce to my order of my Pulse 2 (VR886601) placed on 29-07-2025.  Ned the bill with my firm's GSTIN on it. I have tried different browser. I request you to provide a resolution within 3 working days.

Yours faithfully,
Om Desai
Jaipur"
TK-247868,email,"the page failed after i paid & now nothing shows in my account, vr909296, i want my money back"
TK-253877,social,"honestly regretting this purchase.  got my pulse 2 from vireo.in 2 weeks ago. the promiseed 40 hours is nowhere close, i get maybe 2. i already updated the app. escalate this to someone senior"
TK-246254,social,otp not coming on my nmuber
TK-246115,social,"Product: my Pulse 2
Order: VR881739
Purchased: 26 Sep
Issue: nobody came for the pickup
Tried: called courier
Expected: replacement"
TK-244731,email,"team,
cancel order vr895987
last month se
pls reply"
TK-254046,email,"hey
need teh bill with my firm's gstin on it
pulse 2
urgennt"
TK-248626,chat,"team,
paid on 15-12-2025, still waiting for something to show up
kuch karo
kindly do the needflu"
TK-250688,email,"Product: Pulse 2
Order: VR886706
Purchased: December 24
Issue: firmware update stuck for 2 hours
Tried: restarted the app
Expected: refund"
TK-251755,chat,"sir ji
pairing is not working"
TK-250250,chat,"team,
discount was not applied at checkout
kal se
anyone there"
TK-244858,social,"sir ji
paid but package not deliveerd eevn after 13 days"
TK-240390,chat,"Product: Nexa watch
Order: VR896934
Purchased: 02/10
Issue: cannot pair Nexa wtach with my laptop
Tried: restarted teh phone
Expected: replacement"
TK-248474,chat,"product: my strata 3 headphones
purchased: 11-12-2025
issue: it goes silent for a second every few minutes and comes back
tried: reset both devices
expected: resolution"
TK-247895,chat,"sir ji
transaction done, where is my stuff
urgent"
TK-241079,chat,"Deaar Sir/Madam, I bought my Strata 3 headphonnes on 16 Dec. Battery draining even whhen not in use. I fully charged and discharged twice. Nothing changed. Pathetic experience honestly. I want a replacement. Plesae revert, Steven"
TK-251168,voice,[IVR transcript] hii pickup scheduled but no one showed up teh nexa 2 VR900034 urgetn
TK-252971,chat,"Hello Vireo, I bought Orbit Mini on 27/04. The return was accepted but the amount is nowhere in my account. I emailed twice. Can someeone fix this? Thank you,"
TK-241614,social,"Hi team,
This is regarding the Nexa 2.  Paid via UPI, amount deducted, no order confirmation.
I waited 24 hours. Nothing changed.
Need this sorted this week."
TK-244702,email,"Product: Pulse 2
Order: VR903831
Purchased: 01-08-2025
Issue: your site kees saying it setn me a cde and my phone disageres
Tried: tried 5 times
Expected: resolution"
TK-249350,chat,"Hi team,
I bought Orbit Mini on 08 Jan. The invoice PDF link gives a 404.
I tried different browser. Nothing changed.
How do I get this fixed?
Thanks in advance"
TK-244694,chat,"Hi there, Got my Nexa 2 watch from vireo.in around Diwali. Nobody came for the pickup. I rescheduled pickup twice. Nothing changed. Waiitng for your reply."
TK-251601,email,audio keeps disconnecting every few minutes - VR905701 - pls resolve asap
TK-245867,chat,"hey
app not opening after update"
TK-243934,chat,"hello vireo, i bought the pulse 2 earbuds on july 30.  the festive offer vanished when i clicked pay. i tried on app and website. please help. awaiting response,"
TK-253744,email,"hi
i have been sitting at home for 3 days waiting for your courier"
TK-245201,email,I have been a loyal customer and this is how you treat me. Ordered pulse 2 buds 10 days ago. the box says pulse 2 buds but what's inside is not what I paiid for. I already checked the invoice. This is the last time I buy from you
TK-245781,social,"ordered the wrong colour, don't ship it"
TK-250466,email,"Hi there, Ordered my Arc a month ago.  Works for music but uesless for meetings. Can someone fix this? Thanks in advance, Amit Sheikh"
TK-245511,chat,"To the Vireo Custmer Cae Team,

I am writing with reference to my order of Pulse 2 (VR898067) palced on 22 Sep. Package not delivered even after 9 days. I have called the courier. I request you to process a refund to my original payment method.

Regards,
Rahul Saxena
Raipur"
TK-248136,chat,"pathetic exerience honestly. ordered my nexa 2 watch a month ago. cannot pair my nexa 2 watch with my laptop. i already restarted the phone. i want a replacement or refund, nothing else"
TK-243926,chat,"dear team, got pulse earbuds from vireo.in in july. wrong product delivered. i checked the invoice. what do i do now? regards nisha"
TK-251640,chat,"Not acceptable at this price. Bought my Pulse around 01-01-2026 from Amazon. plugging in does nothing on the case, cable works on my phone. I already tried 3 different cables. Escalate this to someone senior."
TK-253735,chat,"Really frustrating. I bought Pulse2 on 13/10. service centre took it, now silence. I already emailed twice. I want a replacement or refund, nothing else."
TK-244765,chat,"hii
the page failed after i paid and now nothing shows in my account
anyone there"
TK-241427,chat,paid but package not delivered even after 12 days - can someone fix this?
TK-244582,chat,"Hi there, Order VR890851 (AirLite).  6 days since payment, you have no idea where it is and neither do I. I called the courier. Need this sorted this week. Thank you"
TK-247513,chat,"hi virreo support, order vr910130 (the nexa 2). my order has not been delivered yet. i checked the tracking page daily. nothing changed. i want a replacement. thanks & rgards"
TK-250657,chat,Really frustrating.  This is regarding my Pules 2. I have been sitting at home for 3 days waiting for ur courier. I already reschduled pickup twice. This is the last time I buy from u.
TK-247942,chat,return pickup has not happened. kindly look intto it
TK-245062,chat,"hello, got pulse 2 from vireo.in a month ago. does pulse 2 work wtih iphone. please help."
TK-245518,email,"namaste,
ordered pulse 2 recently. your ad said 20% off and the cart says full price.
i tried on app and website. nothing changed.
please call me on my registered number.
thanks & regards"
TK-242224,voice,Really frustrating. Ordered teh mini speaker 3 weeks back. I haven't received my order. I already checked the tracking page daily. Fix this or I am posting on twitter.
TK-248679,email,"sir ji
u picked up teh ietm 11 days ago and my money hasn't come bakc
pls reply"
TK-253475,voice,"Dear Sir/Madam, I bought Pulse 2 on 21/04. OTP not coming on my number. I tried on another browser. Nothing changed. Need this sorted this week. Please revert, Harsh Das"
TK-243544,voice,"hi
i moved houses yesterday and the order is going to the old flat"
TK-240555,chat,"product: the neckband
order: vr898881
purchased: 25 jan
issue: i haven't received my order
tried: checked the tracking page daily
expected: refund"
TK-243192,chat,screen is unresponsive
TK-248178,email,invoice not downloading - please help
TK-246859,email,"Dear Sir/Madam,

I am writing with reference to my order of Strata 3 (VR905303) placed on 06/11. Paid on 06/11, still waiting for something to show up. I have checked the tracking page daily. I request you to kindly arrange a replacement.

Sincerely,
Steven Fernandes"
TK-254248,chat,"helo
need to chagne delivery adress"
TK-246126,chat,"hey
please share invoice with gst number
the pulse 2 earbuds"
TK-252363,chat,"sir ji
app not opening after update
please help kaaro"
TK-244095,social,"need to change delivery address, vr881649"
TK-247721,voice,"couppon code not working
i waant my money back"
TK-242953,voice,"Hi there, Bought my Arc around 21 Jan from vireo.in. Money debited but order not showing. I waited 24 hours. Please help. Awaiting response Vihaan"
TK-248557,email,IT GOES SILENT FOR A SECOND EVERY FEW MINUTES AND COMES BACK
TK-248150,chat,Honestly regretting this purchase. Got Strata 3 from vireo.in a month ago. the pairing light blinks but nothing ever shows up on my Realme. I already forgot the devcie and tried again. This is the last time I buy frmo you.
TK-249833,email,"HELLO
YOUR AD SAID 20% OFF AND THE CART SAYS FULL PRICE
NEXA 2
??"
TK-246143,chat,"DEAR SIR/MADAM,
THIS IS REGARDING THE NEXA 2. Transaction done, where is my stuff.
Can someone fix this?
Regards Riya Verma"
TK-241447,voice,"Hi team,
Ordered my Orbit 10 days ago.  Please cancel, ordered by mistake.
I tried cancel button, greyed out.
Honestly regretting this purchase.
I want my money back."
TK-243469,email,very poor quality. ordered airlite earbuds a month ago. mic not working on calls. i already checked mic permissions. refund. now.
TK-242884,email,I have been a loyal customer and this is how you treat me. I bought Orbit Mini on June 06. money debited but order not showing. I already tried logging out and in. This is the last time I buy from you.
TK-250462,voice,"[IVR transcript] Order VR909385 (the Pulse 2 earbuds). Battery life has dropped to almost nothing. I fully charged and discharged twice. Nothing changed. Whta do I do now? Thanks, Ait"
TK-242724,email,"hi
return pickup has not happened
hello??"
TK-245884,social,"dear team, i bought airlite on 30/09.  transaction done, where is my stuff. i checked with neighbours. nothing changed. please help."
TK-241436,social,"hello
box was crsuhed and the the fit band is cracked
anyne thhere"
TK-247581,chat,pairing is not working
TK-247890,email,"payment was deducted but no order was created, vr901289"
TK-245851,chat,"To the Vireo Customer Care Team,

I am writing with reference to my order of the Pulse buds (VR906365) placed on 21 Sep. Return pickup has not happened. I have rescheduled pickup twice. I request you to provide a resolution within 3 working days.

Sincerely,
Arrjun Fernandes
Surat"
TK-245909,chat,"hello ji
it connects for a second and then vanishes from the device list
kal se
hello??"
TK-254428,voice,"[IVR transcript] you picked up the item 8 days ago and my money hasn't come back, VR893023"
TK-242780,social,"Hi team, Bought Strata 3 around 26/05 from vireo.in. Received the wrong item. I checked the invoice. PLEASE CALL ME ON MY REGISTERED NUMBER. Awaiting response Sai Chopra"
TK-252631,email,"typo in the flat number, courier will never find it - please call me on my registered number"
TK-241930,email,"hello ji
the promised 30 hours is nowhere close, i get maybe 2
please help karo
airlite
anyone there"
TK-250239,email,"hello vireo,
bought pulse 2 buds around september 06 from flipkart. battery life has dropped to almost nothing.
i want a replacement.
thhank you"
TK-254621,email,"dear sir/madam,

i am writing with reference to my oder of the orbit smart speaker (vr888115) placed on june 19. my son ordered this without asking, please reverse. i have tried cancel button, greyed out. i request you to process a refund to my original payment method.

regards,
pranav tiwari
nashik"
TK-252798,voice,"[IVR transcript] hi team, ordered my nexa 2 watch in april. cancel order. i want my money back."
TK-245677,email,Honestly regretting this purchase. This is regarding the Pulse buds. bluetooth pairing fails every time. I already tried on another phone. Fix this or I am posting on twitter.
TK-251174,email,cannot login to my account
TK-243264,email,"HELLO JI
REFUND WAS PROMISED 16 DAYS AGO AND NOTHING
PLEASE HELP KARO
MY PULSE
URGENT"
TK-248081,social,"Hi there, Order VR889303 (my Straata 3 headphones).  Promo code shows invalid. I tried in caps. Nothing changed. Waiting for your reply. Thank you"
TK-248258,voice,"Order VR883915 (my Pulse).  Refund was promised 15 days ago and nothing.
I emailed twice.
How do I get this fixed?
Please revert"
TK-253722,chat,"hii
keeps losing my phone if i wlak to the other room"
TK-251730,voice,"hey
i have to charge it twice a day now, it used to last days
my nexa 2 watch"
TK-249574,chat,Honestly regrettig this purchase.  Orderred Pulse 2 in December. OTP not coming on my number. I already tred 5 times. Escalate this to someone senior.
TK-240827,chat,"bhai
it connects for a second and then vanishes from the device list
pls reply"
TK-245630,email,not what i expected from vireo. i bought nexa watch on september 27. paid via upi on 27 sep. 6 days. nothing. i already called the courier. fix this or i am posting on twitter.
TK-243251,chat,"9 days since payment, u have no idea where it is and neither do I, VR894871"
TK-244237,voice,[IVR transcript] the page failed after i paid & now nothing shows in my account
TK-240888,email,"Hey,
Ordered pulse 1 3 weeks back. My order has not been delivered yet.
I called the courier. Nothing changed.
I want my money back.
Rgds"
TK-254080,voice,"it connects for a second and then vanishes from the device list
need this sorted this week"
TK-254169,voice,"what is teh status of my warranty claim, VR904796, please resolve asap"
TK-246600,voice,"hii
does my pulse 2 work with iphone
my pulse 2 vr895792
kindly do the needful"
TK-251393,email,"dear sir/madam,

i am writing with reference to my order of airlite earbuds (vr895158) placed on 26/03.  the pairing light blinks but nothing ever shows up on my nothing phone. i have restarted the phone. i request you to process a refund to my original payment method.

sincerely,
ritika patel"
TK-241764,chat,"helo
payment done, order stats has not moved since 03 apr
kindly do the needful"
TK-246399,email,"team,
update failed and now it won't turn on"
TK-243270,email,"dear sir/madam,

i am writing with reference to my order of the mini speaker placed on 09 apr. audio keeps disconnecting every few minutes. i have kept phone in hand. i request you to look into this matter at the earliest.

sincerely,
thomas dhillon
jaipur"
TK-248544,voice,"[IVR transcript] hello, this is regarding the fit band. order not delivered, tracking not updating. i called the courier. i want my money back. please revert, riya dhillon"
