ticket_id,stratum,stratum_pool_size
TK-243858,random,11433
TK-244973,random,11433
TK-246399,random,11433
TK-251470,random,11433
TK-247152,random,11433
TK-241436,random,11433
TK-247181,random,11433
TK-240888,random,11433
TK-253744,random,11433
TK-247890,random,11433
TK-245851,random,11433
TK-247508,random,11433
TK-252971,random,11433
TK-245062,random,11433
TK-253178,random,11433
TK-250466,random,11433
TK-241865,random,11433
TK-248081,random,11433
TK-245325,random,11433
TK-243926,random,11433
TK-254294,random,11433
TK-250688,random,11433
TK-245511,random,11433
TK-251676,random,11433
TK-245781,random,11433
TK-241031,random,11433
TK-240774,random,11433
TK-248150,random,11433
TK-247721,random,11433
TK-241049,random,11433
TK-253475,random,11433
TK-241062,random,11433
TK-241930,random,11433
TK-243135,random,11433
TK-251641,random,11433
TK-248618,random,11433
TK-244560,random,11433
TK-254046,random,11433
TK-248933,random,11433
TK-240390,random,11433
TK-241427,random,11433
TK-247942,random,11433
TK-250657,random,11433
TK-246115,random,11433
TK-247513,random,11433
TK-249833,random,11433
TK-249350,random,11433
TK-245909,random,11433
TK-243469,random,11433
TK-248967,random,11433
TK-249183,random,11433
TK-251393,random,11433
TK-245128,random,11433
TK-253735,random,11433
TK-242884,random,11433
TK-247784,random,11433
TK-245533,random,11433
TK-251126,random,11433
TK-247600,random,11433
TK-250239,random,11433
TK-246945,random,11433
TK-253207,random,11433
TK-245677,random,11433
TK-254210,random,11433
TK-244990,random,11433
TK-246126,random,11433
TK-244858,random,11433
TK-251168,random,11433
TK-248549,random,11433
TK-252363,random,11433
TK-254621,random,11433
TK-250143,random,11433
TK-241614,random,11433
TK-248108,random,11433
TK-243011,random,11433
TK-241073,random,11433
TK-244694,random,11433
TK-254080,random,11433
TK-243264,random,11433
TK-243934,random,11433
TK-243192,bot_disagree,3476
TK-240555,bot_disagree,3476
TK-252631,bot_disagree,3476
TK-253170,bot_disagree,3476
TK-247895,bot_disagree,3476
TK-254131,bot_disagree,3476
TK-244472,bot_disagree,3476
TK-245518,bot_disagree,3476
TK-253877,bot_disagree,3476
TK-252798,bot_disagree,3476
TK-249574,bot_disagree,3476
TK-243251,bot_disagree,3476
TK-246143,bot_disagree,3476
TK-250977,bot_disagree,3476
TK-254248,bot_disagree,3476
TK-242255,bot_disagree,3476
TK-241447,bot_disagree,3476
TK-248136,bot_disagree,3476
TK-242740,bot_disagree,3476
TK-248092,bot_disagree,3476
TK-242224,bot_disagree,3476
TK-252434,bot_disagree,3476
TK-241973,bot_disagree,3476
TK-242724,bot_disagree,3476
TK-253340,bot_disagree,3476
TK-250250,hinglish,580
TK-240827,hinglish,580
TK-242661,hinglish,580
TK-243728,hinglish,580
TK-248679,hinglish,580
TK-250205,hinglish,580
TK-244412,hinglish,580
TK-247777,hinglish,580
TK-243384,hinglish,580
TK-246072,hinglish,580
TK-244143,hinglish,580
TK-244731,hinglish,580
TK-251755,hinglish,580
TK-240712,hinglish,580
TK-247802,hinglish,580
TK-241293,short,507
TK-247581,short,507
TK-246257,short,507
TK-248178,short,507
TK-249802,short,507
TK-245867,short,507
TK-244437,short,507
TK-251380,short,507
TK-246254,short,507
TK-250743,short,507
TK-251174,short,507
TK-253538,short,507
TK-244095,short,507
TK-253630,short,507
TK-248730,short,507
TK-242863,voice,1670
TK-243150,voice,1670
TK-251730,voice,1670
TK-254428,voice,1670
TK-246600,voice,1670
TK-243544,voice,1670
TK-250302,voice,1670
TK-245800,voice,1670
TK-242839,voice,1670
TK-242953,voice,1670
TK-248544,voice,1670
TK-248258,voice,1670
TK-251263,voice,1670
TK-254169,voice,1670
TK-247146,voice,1670
TK-241103,multi_issue,537
TK-247868,multi_issue,537
TK-251601,multi_issue,537
TK-248557,multi_issue,537
TK-250462,multi_issue,537
TK-241122,multi_issue,537
TK-253006,multi_issue,537
TK-242780,multi_issue,537
TK-248474,multi_issue,537
TK-242523,multi_issue,537
TK-248624,multi_issue,537
TK-244765,multi_issue,537
TK-243270,multi_issue,537
TK-241079,multi_issue,537
TK-247310,multi_issue,537
TK-244702,low_conf,1636
TK-251640,low_conf,1636
TK-247809,low_conf,1636
TK-244237,low_conf,1636
TK-248120,low_conf,1636
TK-245201,low_conf,1636
TK-252442,low_conf,1636
TK-243340,low_conf,1636
TK-254141,low_conf,1636
TK-248079,low_conf,1636
TK-243854,low_conf,1636
TK-253057,low_conf,1636
TK-253722,low_conf,1636
TK-244359,low_conf,1636
TK-247366,low_conf,1636
TK-243610,paid_but,727
TK-245630,paid_but,727
TK-240896,paid_but,727
TK-244582,paid_but,727
TK-246859,paid_but,727
TK-251751,paid_but,727
TK-241764,paid_but,727
TK-248626,paid_but,727
TK-243800,paid_but,727
TK-245884,paid_but,727
