month,Chat Frontline,Billing,Logistics,Email Frontline,Returns Desk,Voice Frontline,Escalations & Warranty
2025-01,84,71,52,45,26,26,10
2025-02,95,76,69,57,33,23,15
2025-03,120,104,74,61,46,37,20
2025-04,101,104,77,74,44,27,22
2025-05,106,83,72,55,42,41,25
2025-06,102,98,80,66,42,35,16
2025-07,112,97,79,82,37,38,17
2025-08,180,162,122,87,75,44,25
2025-09,161,143,103,110,70,56,28
2025-10,207,198,148,120,85,46,43
2025-11,249,219,157,131,82,72,42
2025-12,220,170,136,166,82,55,40
2026-01,233,143,121,132,70,72,41
2026-02,198,148,117,125,58,53,34
2026-03,214,159,125,125,71,53,33
2026-04,237,178,122,126,60,71,38
2026-05,206,144,132,114,53,73,34
2026-06,205,128,119,131,73,78,42
