month,Billing & Payments,Delivery & Shipping,Other,Returns & Refunds,Connectivity,Charging & Battery,App & Firmware,Product Enquiry,Audio Quality,Warranty & Repair,Account & Login
2025-01,71,52,42,26,27,27,17,16,21,10,5
2025-02,76,69,52,33,18,19,20,30,19,15,17
2025-03,104,74,62,46,38,29,23,29,24,20,13
2025-04,104,77,58,44,31,34,22,24,18,22,15
2025-05,83,72,62,42,40,25,27,19,18,25,11
2025-06,98,80,60,42,40,18,26,19,23,16,17
2025-07,97,79,72,37,44,35,31,21,17,17,12
2025-08,162,122,84,75,54,46,39,29,32,25,27
2025-09,143,103,82,70,48,48,48,47,29,28,25
2025-10,198,148,113,85,58,35,53,54,38,43,22
2025-11,219,157,154,82,70,54,45,59,41,42,29
2025-12,170,136,114,82,81,67,56,38,54,40,31
2026-01,143,121,107,70,94,76,44,49,43,41,24
2026-02,148,117,109,58,72,46,54,34,32,34,29
2026-03,159,125,118,71,66,54,46,30,50,33,28
2026-04,178,122,119,60,89,69,57,37,39,38,24
2026-05,144,132,114,53,61,64,44,34,45,34,31
2026-06,128,119,100,73,71,74,47,43,48,42,31
