month,Chat Frontline,Logistics,Billing,Email Frontline,Returns Desk,Voice Frontline,Escalations & Warranty
2025-01,82,73,53,41,28,24,13
2025-02,100,94,56,49,32,19,18
2025-03,120,104,80,57,44,33,24
2025-04,98,110,75,77,40,20,29
2025-05,113,89,66,49,40,35,32
2025-06,110,111,68,54,45,31,20
2025-07,111,113,69,73,40,34,22
2025-08,175,163,123,92,74,39,29
2025-09,176,151,94,90,82,42,36
2025-10,200,202,143,117,85,43,57
2025-11,250,224,152,118,96,60,52
2025-12,227,177,128,158,88,43,48
2026-01,225,160,115,126,75,63,48
2026-02,216,152,103,109,65,48,40
2026-03,213,159,131,118,77,44,38
2026-04,237,169,137,113,67,61,48
2026-05,214,165,108,105,60,65,39
2026-06,211,158,97,112,79,62,57
