month,Order not arrived,Pairing & connection,"App, firmware or login",Battery & charging,"Sound, mic or hardware fault","Payment taken, no order / charged twice","Invoice, GST or price/discount",Cancel or change an order,Refund not received,Damaged or wrong item received,Product question,Unclear,Return pickup not done,Warranty or repair status
2025-01,70,27,26,21,25,30,16,19,14,18,15,14,10,9
2025-02,80,20,32,26,22,24,29,32,23,21,27,10,10,12
2025-03,92,41,37,33,27,35,38,28,23,22,28,17,25,16
2025-04,99,36,34,43,27,34,41,30,24,24,23,10,15,9
2025-05,83,47,38,29,30,27,21,37,30,28,16,12,11,15
2025-06,98,37,45,23,30,33,31,30,31,20,17,15,17,12
2025-07,92,44,50,35,25,30,22,50,30,25,20,15,16,8
2025-08,145,55,62,51,42,52,53,47,35,45,29,25,34,20
2025-09,151,53,71,45,39,37,50,36,36,38,44,27,27,17
2025-10,181,58,70,41,64,72,71,46,46,47,52,39,37,23
2025-11,210,80,67,52,62,65,75,74,49,53,60,37,38,30
2025-12,179,78,84,69,73,47,54,58,46,47,37,36,31,30
2026-01,140,103,65,82,59,43,53,55,48,35,46,36,25,22
2026-02,136,77,85,49,46,52,56,51,36,37,36,22,24,26
2026-03,156,71,70,67,67,60,51,39,43,41,30,37,25,23
2026-04,138,92,81,74,61,65,55,64,41,44,39,33,21,24
2026-05,143,73,73,62,55,58,52,47,36,42,32,31,29,23
2026-06,121,78,77,72,69,49,42,46,54,40,40,36,24,28
