month,Chat Frontline,Logistics,Email Frontline,Billing,Returns Desk,Voice Frontline,Escalations & Warranty
2025-01,79,88,44,46,24,24,9
2025-02,95,101,53,53,33,21,12
2025-03,118,114,56,73,48,37,16
2025-04,106,123,69,75,39,28,9
2025-05,108,111,63,48,41,38,15
2025-06,98,118,67,64,48,32,12
2025-07,115,117,84,52,46,40,8
2025-08,181,190,79,105,69,51,20
2025-09,154,189,105,87,63,56,17
2025-10,200,228,124,143,83,46,23
2025-11,236,263,128,140,87,68,30
2025-12,217,226,164,101,77,54,30
2026-01,239,175,132,96,73,75,22
2026-02,188,173,124,108,60,54,26
2026-03,197,197,127,111,68,57,23
2026-04,237,182,137,120,62,70,24
2026-05,200,185,101,110,65,72,23
2026-06,202,161,135,91,78,81,28
